,simulation,hurst
0,1,0.5661214047171634
1,2,0.5808409879264765
2,3,0.5410806342784095
3,4,0.527126660634269
4,5,0.618480523858032
5,6,0.5470503154498252
6,7,0.5559025680548852
7,8,0.48306234104545576
8,9,0.5575399949846663
9,10,0.6015555232296103
10,11,0.5571013621450404
11,12,0.5488254089819119
12,13,0.5569260227098594
13,14,0.49685378646212003
14,15,0.5898841357460102
15,16,0.5423691638704584
16,17,0.521546748563633
17,18,0.5792734138596758
18,19,0.5237574661217584
19,20,0.5120904050843029
20,21,0.5736456724986462
21,22,0.5331991964374992
22,23,0.5295746720541737
23,24,0.48524169553925584
24,25,0.5240949588396893
25,26,0.5263051665453379
26,27,0.5424489082083979
27,28,0.502412045652802
28,29,0.5280213912353522
29,30,0.5664349515254229
30,31,0.5523591419651314
31,32,0.4748013898350124
32,33,0.5721380590007522
33,34,0.5217713176024278
34,35,0.53010048871749
35,36,0.5717439204955322
36,37,0.5128668098561605
37,38,0.5543687909799495
38,39,0.5703177376169085
39,40,0.5435123588600236
40,41,0.5332145028786414
41,42,0.482884328510946
42,43,0.5149843827449957
43,44,0.5567742360891003
44,45,0.5091070468250408
45,46,0.5646998985588363
46,47,0.5752118075236209
47,48,0.5935157517098222
48,49,0.4564196499314658
49,50,0.5863852414880257
50,51,0.5160517200523055
51,52,0.502254234880022
52,53,0.5903350688493891
53,54,0.5285328909165983
54,55,0.5325156829881792
55,56,0.5334350681355399
56,57,0.5504211703406621
57,58,0.5258837537933528
58,59,0.5435947709626296
59,60,0.5370032462026495
60,61,0.5340246312976554
61,62,0.4974499900444485
62,63,0.5087848428433358
63,64,0.5545965270702358
64,65,0.5302823576861442
65,66,0.5252709361322049
66,67,0.5576718811948255
67,68,0.5014199734716683
68,69,0.48165656461169154
69,70,0.5289921620189107
70,71,0.5358556771262681
71,72,0.560328674643804
72,73,0.5507081567913187
73,74,0.5480551353967096
74,75,0.5509980635516791
75,76,0.504588656046694
76,77,0.5446537626466459
77,78,0.5463129433922358
78,79,0.5216346892186293
79,80,0.5469500168295883
80,81,0.512054732888802
81,82,0.5421490996030249
82,83,0.5036355701389458
83,84,0.5762304642600621
84,85,0.5232686963339135
85,86,0.5379692464047641
86,87,0.555576635029482
87,88,0.5089020337132649
88,89,0.5664283840158006
89,90,0.5277445020559327
90,91,0.5561612633637133
91,92,0.5765954398197044
92,93,0.48406753849391204
93,94,0.5938911195367648
94,95,0.5063566767113972
95,96,0.5618144171104343
96,97,0.5703660920078857
97,98,0.5115068407693917
98,99,0.5691706072333537
99,100,0.56219537958019
100,101,0.5136698957584676
101,102,0.5864075950603065
102,103,0.4876850837018001
103,104,0.5313521032450995
104,105,0.5261063826579501
105,106,0.5396079433483292
106,107,0.48807077115390296
107,108,0.5517109984033742
108,109,0.5596946726605877
109,110,0.5400405748221409
110,111,0.638964987548839
111,112,0.5381064624172817
112,113,0.4708081306761686
113,114,0.5142771162882672
114,115,0.5514491147359495
115,116,0.5431429319331083
116,117,0.5883339319299743
117,118,0.49973107300398495
118,119,0.5169126778961781
119,120,0.4885416855006258
120,121,0.5197124797160465
121,122,0.5212097681728348
122,123,0.5088753809105343
123,124,0.5160556231377055
124,125,0.5430787081579946
125,126,0.5352119851091262
126,127,0.525530867867163
127,128,0.57677610669394
128,129,0.5559643203385868
129,130,0.5688125772952429
130,131,0.5207751919190218
131,132,0.49826308262001473
132,133,0.571736499235708
133,134,0.5451273539121307
134,135,0.4933709820568388
135,136,0.5229930530250091
136,137,0.5861239795654641
137,138,0.531154082509902
138,139,0.5042395914633564
139,140,0.5610071988811213
140,141,0.5205562887268746
141,142,0.5616920270526315
142,143,0.5245153862418819
143,144,0.5090759495188985
144,145,0.5577519507857797
145,146,0.55351404645723
146,147,0.5146278496083386
147,148,0.5818170414624102
148,149,0.5419370757220943
149,150,0.5175886482472981
150,151,0.5797342590792518
151,152,0.5203664717538989
152,153,0.5510547399327159
153,154,0.5075267973596215
154,155,0.558809638851198
155,156,0.6015241544976537
156,157,0.5072845153203527
157,158,0.5661163479289858
158,159,0.4935469753463777
159,160,0.547578221352996
160,161,0.5328061064963683
161,162,0.5090192572731891
162,163,0.5416315647410073
163,164,0.5200838177577539
164,165,0.5065834941391525
165,166,0.5050472801357377
166,167,0.523603965151757
167,168,0.514701075072541
168,169,0.5538245066035091
169,170,0.5386541578235694
170,171,0.5035968172800926
171,172,0.5564265001869612
172,173,0.49444130296320193
173,174,0.5303876129461953
174,175,0.5673597245960843
175,176,0.5103390086876666
176,177,0.6138927563603293
177,178,0.5249045819521602
178,179,0.5807990410042129
179,180,0.5851616315268948
180,181,0.5648670501305537
181,182,0.5091265545005745
182,183,0.5353026809202716
183,184,0.5432216169430706
184,185,0.5441238745118346
185,186,0.5213187206250182
186,187,0.4739182838168306
187,188,0.5083748061467698
188,189,0.5625201273654203
189,190,0.5259660263748679
190,191,0.5068335558232606
191,192,0.5571191951984068
192,193,0.5336717955100806
193,194,0.6203118237145002
194,195,0.5421986068151202
195,196,0.46813682464655576
196,197,0.5945624066150175
197,198,0.5992080256016575
198,199,0.5633250481927207
199,200,0.5810014213357682
200,201,0.4814520143481934
201,202,0.5088911818632532
202,203,0.559170915544078
203,204,0.5284183372680301
204,205,0.5238855864272928
205,206,0.5314867226034754
206,207,0.552083106792308
207,208,0.5533079003944463
208,209,0.5408886148199517
209,210,0.5303293680638146
210,211,0.5207572311539573
211,212,0.5460608365508861
212,213,0.5697096184419853
213,214,0.5459787099192962
214,215,0.46307184646083904
215,216,0.5060502169196874
216,217,0.5695410711234778
217,218,0.4703214395290428
218,219,0.5674010332801631
219,220,0.5477332450960168
220,221,0.5210414753308125
221,222,0.537391971128117
222,223,0.5267799909827122
223,224,0.48912486517124387
224,225,0.5287362182285145
225,226,0.5528335990376572
226,227,0.5098812304701671
227,228,0.5370828905984606
228,229,0.5864579867980345
229,230,0.5371425592701192
230,231,0.5030955422742655
231,232,0.5328994595836825
232,233,0.49265362626901105
233,234,0.5381134302873819
234,235,0.566096767631982
235,236,0.5463369274376141
236,237,0.5702226820581089
237,238,0.5510236905433208
238,239,0.5656922698681635
239,240,0.5516858260478972
240,241,0.5663771762637165
241,242,0.530038546662084
242,243,0.4679303629616449
243,244,0.5101375358471869
244,245,0.5422024460656407
245,246,0.5481531430242309
246,247,0.5274448460768417
247,248,0.5327057548712663
248,249,0.49763604437924813
249,250,0.5251186223333204
250,251,0.5113096154389067
251,252,0.5027966811491751
252,253,0.502930391805425
253,254,0.5119439887660119
254,255,0.5458336338940976
255,256,0.49638289818690196
256,257,0.6005707447709377
257,258,0.5184713750239626
258,259,0.5387574039216044
259,260,0.5359020440688324
260,261,0.5272457717738281
261,262,0.568783981829965
262,263,0.5147698470419804
263,264,0.5091917744749344
264,265,0.537052491417992
265,266,0.50807672497796
266,267,0.5260930410614415
267,268,0.5426617978004098
268,269,0.5665060648044007
269,270,0.5621964012991086
270,271,0.528635122435164
271,272,0.5130025052502983
272,273,0.551188980189568
273,274,0.4960790597347174
274,275,0.5482877324141081
275,276,0.5227712667128558
276,277,0.4913712465093791
277,278,0.4989398692994867
278,279,0.5411049767988777
279,280,0.5278625767595158
280,281,0.575475488704062
281,282,0.5343216498945897
282,283,0.5447497854726561
283,284,0.5662167698146883
284,285,0.5880417073201896
285,286,0.5595992093391893
286,287,0.5405162573299018
287,288,0.4645908564587625
288,289,0.5221078743955793
289,290,0.5146095785926849
290,291,0.4859441850935864
291,292,0.5075448615974445
292,293,0.5313541657628322
293,294,0.5663191030102378
294,295,0.5545833708693471
295,296,0.55126891661122
296,297,0.49924172844219356
297,298,0.631047535396982
298,299,0.5249626524837417
299,300,0.5777907177157935
300,301,0.5410945143991396
301,302,0.5632419454401721
302,303,0.5572896492554221
303,304,0.5317182310043181
304,305,0.5701073450018506
305,306,0.5667902857141192
306,307,0.4799223864388423
307,308,0.5102623216883098
308,309,0.5699504598005658
309,310,0.5344191729911872
310,311,0.5658621658018853
311,312,0.5733704838869548
312,313,0.5576447331029224
313,314,0.5769993560974684
314,315,0.5546844560961034
315,316,0.5765945260801566
316,317,0.5224611478905755
317,318,0.5515851937691649
318,319,0.507309829932892
319,320,0.5518227748189428
320,321,0.6064755319711375
321,322,0.5571795534519919
322,323,0.5535751131215748
323,324,0.49114834266126123
324,325,0.6082607038790782
325,326,0.49552497550164837
326,327,0.578141657045272
327,328,0.5518619411204736
328,329,0.5704037554172801
329,330,0.523069155754896
330,331,0.5175198559402661
331,332,0.5281764595494501
332,333,0.5847035366099314
333,334,0.5542736491800647
334,335,0.5406115694124071
335,336,0.5537578560326457
336,337,0.527204992807816
337,338,0.5661613458319876
338,339,0.5207252818312955
339,340,0.5317539107072291
340,341,0.5837109580056504
341,342,0.4925409820208565
342,343,0.5035269889171659
343,344,0.48205130343162567
344,345,0.5511190606426032
345,346,0.5601331021725489
346,347,0.5557510280596231
347,348,0.5620057120821309
348,349,0.5009972059874765
349,350,0.5594196541965842
350,351,0.547049704862829
351,352,0.509489861319191
352,353,0.5937717252689433
353,354,0.5777771797493715
354,355,0.5515462055090464
355,356,0.5503979783006737
356,357,0.5450759423284637
357,358,0.4924130875955168
358,359,0.4767679249895787
359,360,0.5619466645509155
360,361,0.5505918061046762
361,362,0.5536169157880688
362,363,0.5573490168780818
363,364,0.576661968756749
364,365,0.5172889624115029
365,366,0.45709881907706906
366,367,0.511472238644526
367,368,0.5746817327512644
368,369,0.5799743045808806
369,370,0.5474845728739551
370,371,0.4867559935958304
371,372,0.524112115455008
372,373,0.5095196441574867
373,374,0.5425405978205321
374,375,0.5242117608418998
375,376,0.5535870217074796
376,377,0.5637445915307673
377,378,0.5393577554343247
378,379,0.5559663229061496
379,380,0.5306750703274945
380,381,0.5578011937678734
381,382,0.5750009669654415
382,383,0.5755447297338527
383,384,0.528335881436203
384,385,0.5018495204876495
385,386,0.5026320397918366
386,387,0.5419994938666225
387,388,0.49686829477549005
388,389,0.4956121297646781
389,390,0.5248330685862131
390,391,0.5044513342497933
391,392,0.5348849412912011
392,393,0.5239302925155502
393,394,0.5559895863216872
394,395,0.4974508788494154
395,396,0.5098708006861886
396,397,0.49976826110012873
397,398,0.5338136160944228
398,399,0.47924348493847857
399,400,0.4809965164799739
400,401,0.5479611535416454
401,402,0.5695875627336838
402,403,0.5486926463820611
403,404,0.520762604817025
404,405,0.5755573641740304
405,406,0.568679526503651
406,407,0.5427318098909166
407,408,0.5611283447652119
408,409,0.5443757458000723
409,410,0.5569387636318656
410,411,0.5368550681923099
411,412,0.5883338678173808
412,413,0.5056148015056506
413,414,0.4747185748914193
414,415,0.5825916530543652
415,416,0.5414876706823469
416,417,0.51432725438856
417,418,0.5670953330474809
418,419,0.5249452866755767
419,420,0.4836608313287676
420,421,0.5324049727886301
421,422,0.5561331894394599
422,423,0.5165226313499225
423,424,0.5467679648143594
424,425,0.5179730831360095
425,426,0.544754291816808
426,427,0.546695340688688
427,428,0.6046099590358543
428,429,0.5366359336038881
429,430,0.5456236821822934
430,431,0.5465602870166014
431,432,0.6086675539782498
432,433,0.5589300085222147
433,434,0.582416611245105
434,435,0.5623884239516203
435,436,0.5058818211459896
436,437,0.5195130634823527
437,438,0.5653062403151979
438,439,0.5202401892344295
439,440,0.5680660269545728
440,441,0.506799395619406
441,442,0.5316408473841324
442,443,0.5763053816317355
443,444,0.5078559534165451
444,445,0.5733665190891547
445,446,0.4540153700295874
446,447,0.5538631421402321
447,448,0.5388109428731354
448,449,0.6035313558236194
449,450,0.5427453893289256
450,451,0.4915208189274637
451,452,0.4994905456463058
452,453,0.5058465072997784
453,454,0.544740418863569
454,455,0.5309688608082965
455,456,0.5308393499545783
456,457,0.5902130628811957
457,458,0.5316081198559351
458,459,0.5594403258423023
459,460,0.5839318449908514
460,461,0.5539252910992867
461,462,0.5523738786265862
462,463,0.5508364125316974
463,464,0.5336166241772972
464,465,0.5358553929734384
465,466,0.5754009273937719
466,467,0.5309027233446698
467,468,0.5079363040231961
468,469,0.6039160716357524
469,470,0.5420600447881144
470,471,0.5583754389853167
471,472,0.5729780059467977
472,473,0.5257095736538643
473,474,0.579610796042427
474,475,0.5359691366483932
475,476,0.5900501104896355
476,477,0.5454283358721466
477,478,0.5660793466765812
478,479,0.57121645398213
479,480,0.5345187743608337
480,481,0.5557966379317472
481,482,0.4955428345215929
482,483,0.5283345134645323
483,484,0.5931846330265345
484,485,0.48406659355065945
485,486,0.5048692672614461
486,487,0.565113529631841
487,488,0.5582378251431748
488,489,0.5911154000623743
489,490,0.5792002833930947
490,491,0.5533752986725875
491,492,0.503747822377151
492,493,0.5294971087004153
493,494,0.5326851400897613
494,495,0.5315322073249813
495,496,0.557393545943009
496,497,0.6005089174493843
497,498,0.5667853988879226
498,499,0.5151082890072244
499,500,0.5372524936020263
500,501,0.4912188849802677
501,502,0.538807857086179
502,503,0.5438291901164999
503,504,0.49999655740182297
504,505,0.5409806175490358
505,506,0.5598888022610213
506,507,0.5452020224331453
507,508,0.5101678184144959
508,509,0.5124589737305462
509,510,0.48966401271185467
510,511,0.5058920452181007
511,512,0.5348328476204812
512,513,0.5149744520845133
513,514,0.5067830688191514
514,515,0.543136072781633
515,516,0.5878832121872754
516,517,0.5490691365029434
517,518,0.5350399289883216
518,519,0.5300083475317857
519,520,0.5495856512572163
520,521,0.49391141142798484
521,522,0.570033429090549
522,523,0.49756766093466265
523,524,0.5650039944193144
524,525,0.5932909029264962
525,526,0.49854140492551136
526,527,0.5418061613366807
527,528,0.5377734021099065
528,529,0.4745190530962862
529,530,0.5283743652998335
530,531,0.49087942149073793
531,532,0.5468504224303115
532,533,0.5232849600697244
533,534,0.5379529364583542
534,535,0.5489000840976856
535,536,0.5441566419215788
536,537,0.5572821421870998
537,538,0.5764493594881989
538,539,0.5270492829154333
539,540,0.536452219609468
540,541,0.514660226747992
541,542,0.5389712489122414
542,543,0.5156930369064526
543,544,0.5300802609671821
544,545,0.6077310290038827
545,546,0.506693721107709
546,547,0.5586780989161777
547,548,0.5743624455190878
548,549,0.5146616807245935
549,550,0.5321647546076674
550,551,0.5659637840368592
551,552,0.541366948322611
552,553,0.6173504279911021
553,554,0.544105349247887
554,555,0.5612162069742992
555,556,0.5197127935308402
556,557,0.5694992643656589
557,558,0.5439674865587468
558,559,0.5196084031200209
559,560,0.551061958418647
560,561,0.5707405773497919
561,562,0.5259732632767238
562,563,0.5638229294506146
563,564,0.5002640940241442
564,565,0.5005201741276929
565,566,0.5384312359008552
566,567,0.57004300876196
567,568,0.516087327777867
568,569,0.5086457237454812
569,570,0.5251750650716269
570,571,0.5192913729717408
571,572,0.5587618998110906
572,573,0.5360009053946589
573,574,0.5369769336362549
574,575,0.5770770013845347
575,576,0.48747798104137463
576,577,0.5571705802437498
577,578,0.5676167206801487
578,579,0.5390879029175449
579,580,0.5677668575345225
580,581,0.49733037651015743
581,582,0.5056568106638409
582,583,0.5083223574028024
583,584,0.5623262927395505
584,585,0.5337058819616652
585,586,0.5138126182029702
586,587,0.5186102902109259
587,588,0.5080370490496869
588,589,0.48825072679623144
589,590,0.5089777171980169
590,591,0.5009060961543438
591,592,0.5161547764235809
592,593,0.6133428975645061
593,594,0.5356901842107065
594,595,0.46268690771835713
595,596,0.5680759858751041
596,597,0.5709599603235805
597,598,0.5429963028130789
598,599,0.5457280181818057
599,600,0.5194784025034783
600,601,0.5896903595907332
601,602,0.5683867703360318
602,603,0.5241874036331186
603,604,0.5266112743109123
604,605,0.5282857298707098
605,606,0.6056669902258979
606,607,0.5249322413497332
607,608,0.5372855224545884
608,609,0.5575416964813975
609,610,0.48869473582429074
610,611,0.5478548532734823
611,612,0.5398318910200527
612,613,0.5821926671029367
613,614,0.5477429652737335
614,615,0.5339037997598955
615,616,0.4981222180555461
616,617,0.5208824780274826
617,618,0.5284055761918024
618,619,0.5465276921738984
619,620,0.5947563807350503
620,621,0.57725744200474
621,622,0.5629363721354207
622,623,0.525927737327712
623,624,0.5718763820035325
624,625,0.5169941931504365
625,626,0.5551573872797795
626,627,0.570477581029303
627,628,0.5880797613973849
628,629,0.5004496157908093
629,630,0.5251903762402331
630,631,0.476982284384361
631,632,0.5487390058143565
632,633,0.5493390154501467
633,634,0.5997656477749173
634,635,0.526297850522414
635,636,0.5976858729545096
636,637,0.5113405728175549
637,638,0.5450189990804398
638,639,0.5373045383721445
639,640,0.5539470618305274
640,641,0.5771888992653792
641,642,0.5653411331201669
642,643,0.5087278506810136
643,644,0.5505604108355225
644,645,0.5779478553736792
645,646,0.582081936280056
646,647,0.5732651196001899
647,648,0.5651245289970475
648,649,0.5484294718397072
649,650,0.5189341391539027
650,651,0.5604073508004955
651,652,0.5250367144791404
652,653,0.5887770879938108
653,654,0.6048828668559946
654,655,0.5841250003652175
655,656,0.5680148517315294
656,657,0.5773372958672595
657,658,0.5831277053533036
658,659,0.5705226146487131
659,660,0.5325721837873105
660,661,0.598203203830817
661,662,0.5341909775185129
662,663,0.525146030845453
663,664,0.5409682518840419
664,665,0.565575199794567
665,666,0.6028531909387015
666,667,0.5176189015492868
667,668,0.5242867187662704
668,669,0.5773591254426297
669,670,0.5264741926410998
670,671,0.5742731296777579
671,672,0.5712788758531856
672,673,0.551824192655912
673,674,0.5961279553340999
674,675,0.5434519536268887
675,676,0.5192665135747914
676,677,0.5474023761775348
677,678,0.5511962867594836
678,679,0.5793817494621537
679,680,0.571124241215246
680,681,0.5008387368208098
681,682,0.5619082095164097
682,683,0.4735736833020507
683,684,0.5269712777590988
684,685,0.5723638700603653
685,686,0.5253114741710246
686,687,0.5017263714037021
687,688,0.5012894572520155
688,689,0.5397157828344449
689,690,0.5119340862026199
690,691,0.5211352120050189
691,692,0.5862673122399086
692,693,0.578186836942939
693,694,0.46408309822206045
694,695,0.5470869468981083
695,696,0.5453941358085136
696,697,0.4861220294245775
697,698,0.5458084998101934
698,699,0.5201627520099809
699,700,0.5215033779927095
700,701,0.5743201070561305
701,702,0.5330281339727402
702,703,0.5145432294354052
703,704,0.5371571287773429
704,705,0.5859574956949795
705,706,0.5311620203820403
706,707,0.5501495540977163
707,708,0.5675499717710012
708,709,0.6016035260875583
709,710,0.4977085135721445
710,711,0.5120982870845068
711,712,0.46587969813885666
712,713,0.47410227282491324
713,714,0.5227912858348612
714,715,0.5326534667674375
715,716,0.5286336618686536
716,717,0.5455478298434795
717,718,0.5432673176244107
718,719,0.583772267309405
719,720,0.5223330091979314
720,721,0.5407362683827293
721,722,0.5546985732252168
722,723,0.48941557961723736
723,724,0.5304128818258161
724,725,0.5061703896943782
725,726,0.5486153690072842
726,727,0.5335352327004442
727,728,0.5535712974756941
728,729,0.5526364788032657
729,730,0.5031145814393463
730,731,0.5484655611977693
731,732,0.5905546000590607
732,733,0.5285627955128969
733,734,0.5877894750938895
734,735,0.5121954127442176
735,736,0.5887322990196779
736,737,0.5644021778563767
737,738,0.542708822203206
738,739,0.5526949167461181
739,740,0.5854382938746017
740,741,0.5392347719391191
741,742,0.5056003132031442
742,743,0.49461595122103125
743,744,0.5763058671724836
744,745,0.4909887414333061
745,746,0.5404718587510422
746,747,0.5120487146969601
747,748,0.5825466423557487
748,749,0.5358309094192834
749,750,0.5657245700103766
750,751,0.5517864600172003
751,752,0.5364642698127524
752,753,0.54032455391509
753,754,0.6193169157819005
754,755,0.5207284035773211
755,756,0.4948198423592946
756,757,0.5907703937384171
757,758,0.5381491476030668
758,759,0.525920048339927
759,760,0.5459238638273117
760,761,0.5240605046466132
761,762,0.4759448709262298
762,763,0.49446456251644144
763,764,0.5010573295432448
764,765,0.5263173131618752
765,766,0.5784404141345441
766,767,0.5637391965994626
767,768,0.5148004765390211
768,769,0.5079822747560272
769,770,0.5304015494459283
770,771,0.5306187826141029
771,772,0.54519899514463
772,773,0.505349887415963
773,774,0.5346754773617752
774,775,0.5414907186651139
775,776,0.5898658619804318
776,777,0.5211569712641666
777,778,0.5810009179854165
778,779,0.5081596316339688
779,780,0.5507016050644679
780,781,0.5201797558734482
781,782,0.5394154924736496
782,783,0.5377265767262442
783,784,0.5805184266723402
784,785,0.5708493176299813
785,786,0.5390241199621882
786,787,0.544602051935091
787,788,0.5266343701008876
788,789,0.5769949263588198
789,790,0.5355143387646868
790,791,0.5377122466868138
791,792,0.5403161873652065
792,793,0.5222852703643703
793,794,0.5030922709878313
794,795,0.5558665752192741
795,796,0.5506732946553419
796,797,0.5378574834944387
797,798,0.5573109894022261
798,799,0.564425085157008
799,800,0.5686688897210739
800,801,0.4913580678708628
801,802,0.520511134100081
802,803,0.5683323827344783
803,804,0.5258758369434675
804,805,0.5224599686230507
805,806,0.5640391955731661
806,807,0.5107262577987142
807,808,0.5883746271209421
808,809,0.5563664515174168
809,810,0.5320519789397542
810,811,0.5000471542802868
811,812,0.5306426559595482
812,813,0.5709791108460406
813,814,0.5762072650467753
814,815,0.522645047097995
815,816,0.5333397605765184
816,817,0.5168516684831156
817,818,0.4915082027432029
818,819,0.5744241451568165
819,820,0.5197760696345841
820,821,0.5391694494135627
821,822,0.5757708425890059
822,823,0.5280054174634181
823,824,0.5226343336250283
824,825,0.5614322020609899
825,826,0.5258500966006875
826,827,0.5545170298000122
827,828,0.5459969695731405
828,829,0.5506099381861999
829,830,0.5991551444975481
830,831,0.5744462301424045
831,832,0.5100059267185314
832,833,0.5475776826427629
833,834,0.5542352370929003
834,835,0.5625475702167969
835,836,0.587524158927978
836,837,0.5215390798164385
837,838,0.5581506917172627
838,839,0.5369131654941517
839,840,0.5333299948827479
840,841,0.5175613973889981
841,842,0.5155505111758814
842,843,0.5571841915191881
843,844,0.5678483681506812
844,845,0.5601479004148998
845,846,0.5117321007745083
846,847,0.5238085099248653
847,848,0.5590209317560333
848,849,0.5432323486652149
849,850,0.5034733880398421
850,851,0.5189906821815958
851,852,0.5145505124636904
852,853,0.5210762950817796
853,854,0.5088637639245638
854,855,0.557709489460353
855,856,0.48355556748803474
856,857,0.575075094347283
857,858,0.5673071669353666
858,859,0.5148534943972192
859,860,0.5649301445112966
860,861,0.5298137959540379
861,862,0.6245794702380374
862,863,0.5784004508044377
863,864,0.577402029968336
864,865,0.5129247852471516
865,866,0.5311153969340157
866,867,0.47505889800703893
867,868,0.5455885237975907
868,869,0.5639303200273943
869,870,0.5739092962233311
870,871,0.4657205450419285
871,872,0.5811458617138189
872,873,0.5618922336528218
873,874,0.5200150950394024
874,875,0.5280845641720991
875,876,0.5002561435597421
876,877,0.5720783841637029
877,878,0.5213787787839667
878,879,0.59517023363076
879,880,0.5556590752171753
880,881,0.5552790816390395
881,882,0.5532243184078838
882,883,0.5303706009481443
883,884,0.5842823784969947
884,885,0.5441335932729433
885,886,0.5117520584203524
886,887,0.5889391869875531
887,888,0.5901180152101301
888,889,0.5823922027232045
889,890,0.5423553919125095
890,891,0.5720821401711711
891,892,0.566292433384585
892,893,0.524528461924574
893,894,0.5122798789895793
894,895,0.5304222646854239
895,896,0.5770154857642306
896,897,0.5663319711225607
897,898,0.535187845580785
898,899,0.5314481021599089
899,900,0.5581685396137507
900,901,0.5247443067420596
901,902,0.5995385704544818
902,903,0.5464652202048194
903,904,0.5418348386965737
904,905,0.5210886375422396
905,906,0.5184494398399079
906,907,0.5163730177654758
907,908,0.5717288803319226
908,909,0.4563788028927018
909,910,0.5763566204712349
910,911,0.5779976303721688
911,912,0.4978343930920014
912,913,0.5168904528590078
913,914,0.5016563490600611
914,915,0.5503056182761111
915,916,0.5283758702181036
916,917,0.525371480702772
917,918,0.5494075228394187
918,919,0.5497067141916437
919,920,0.5693948140740912
920,921,0.48331986048347014
921,922,0.5516754780215054
922,923,0.5838495579592351
923,924,0.5523552542258036
924,925,0.5694742952407932
925,926,0.5709601249527813
926,927,0.4854564418998536
927,928,0.5222769609753777
928,929,0.5647745274173908
929,930,0.5354005026319222
930,931,0.49239531519126234
931,932,0.5275013708388469
932,933,0.5569877249124835
933,934,0.5270819205130748
934,935,0.5322229518436213
935,936,0.48620414125962685
936,937,0.5121778924486114
937,938,0.45762342205768936
938,939,0.5167990950411211
939,940,0.4879676984124808
940,941,0.5275180122550693
941,942,0.5370809119248257
942,943,0.5925495740359562
943,944,0.5484459429487267
944,945,0.49944356148944885
945,946,0.572140237313107
946,947,0.5485923214080713
947,948,0.567992379588998
948,949,0.5802554520822971
949,950,0.5349308472465277
950,951,0.5637037590166765
951,952,0.5233326566482713
952,953,0.5451706547526477
953,954,0.5271229136624632
954,955,0.5443554429352866
955,956,0.5539184224789668
956,957,0.5595137378731644
957,958,0.555875702097733
958,959,0.5533792422227715
959,960,0.5942848327294293
960,961,0.5380300967379471
961,962,0.5593671952352457
962,963,0.5197253881051178
963,964,0.49656308127323595
964,965,0.559537918286274
965,966,0.5291711649097174
966,967,0.519504108990469
967,968,0.5564989183486659
968,969,0.5685726434654766
969,970,0.5603345191043233
970,971,0.5306502599424529
971,972,0.49988958079462725
972,973,0.5800348034688825
973,974,0.623420067849979
974,975,0.5048331497852118
975,976,0.6076978735275945
976,977,0.5333676604155649
977,978,0.5580883023949769
978,979,0.5020615183501201
979,980,0.5677215613472907
980,981,0.5663585350784321
981,982,0.5591072048722688
982,983,0.5030055600315309
983,984,0.6177927130896862
984,985,0.5124845037347496
985,986,0.6148651979985059
986,987,0.5564550785036253
987,988,0.5333526246431946
988,989,0.5259138997144281
989,990,0.5583360168190619
990,991,0.5369724977119629
991,992,0.5287321178854046
992,993,0.5286026673160066
993,994,0.48631474558212456
994,995,0.5371544938714565
995,996,0.5512369737570023
996,997,0.49551224554554696
997,998,0.5280530418173695
998,999,0.48338333203504646
999,1000,0.5166590095529081
